sex,age,mx,ax,qx,lx,dx,Lx,Tx,ex
total,0,0.00432796994576259,0.166973969696862,0.00431242231945017,100000,431.242231945017,99640.7639954238,8023199.58581038,80.2319958581038
total,1,0.000304050883278461,0.499999999999958,0.000304004666834725,99568.757768055,30.269367032425,99553.6230845388,7923558.82181496,79.5787654624843
total,2,0.000215439858696742,0.500000000001249,0.000215416654029989,99538.4884010226,21.4422481185512,99527.7672769633,7824005.19873042,78.6028130868225
total,3,0.000161133130832153,0.499999999997901,0.000161120149935053,99517.046152904,16.0342013972495,99509.0290522054,7724477.43145346,77.6196413585779
total,4,0.00013254585796273,0.500000000000401,0.000132537074342614,99501.0119515068,13.1875730181822,99494.4181649977,7624968.40240125,76.6320688890821
total,5,0.000121096678804253,0.500000000002044,0.00012108934704537,99487.8243784886,12.0469156929556,99481.8009206421,7525473.98423626,75.6421605482753
total,6,0.000115126091211425,0.499999999999047,0.000115119464584434,99475.7774627956,11.4515982406374,99470.0516636753,7425992.18331561,74.6512605653468
total,7,0.000106169300390894,0.500000000006811,0.000106163664729889,99464.325864555,10.559497343669,99459.0461158832,7326522.13165194,73.6597978015634
total,8,9.90226162140761e-05,0.500000000005949,9.90177137175443e-05,99453.7663672113,9.84768456628006,99448.8425249282,7227063.08553606,72.6675655384604
total,9,9.73980948256827e-05,0.499999999999578,9.73933518622226e-05,99443.918682645,9.6851765628171,99439.0760943636,7127614.24301113,71.6747121134421
total,10,0.000103404207195186,0.499999999997633,0.000103398861256549,99434.2335060822,10.2813865144467,99429.092812825,7028175.16691676,70.6816447324136
total,11,0.000117283237253587,0.499999999999939,0.000117276359978012,99423.9521195678,11.660079199211,99418.1220799682,6928746.07410394,69.6889021849724
total,12,0.000141118629229208,0.499999999997197,0.000141108672697977,99412.2920403686,14.02793657968,99405.2780720787,6829327.95202397,68.6970173592896
total,13,0.000176663258404057,0.500000000000364,0.000176647654828912,99398.2641037889,17.5584702479991,99389.4848686649,6729922.67395189,67.7066419079984
total,14,0.000222702765816004,0.500000000003708,0.000222677970316066,99380.7056335409,22.1298938190553,99369.6406866314,6630533.18908323,66.7185159011935
total,15,0.00027455225327101,0.499999999998312,0.000274514568974276,99358.5757397218,27.2753765930877,99344.9380514253,6531163.54839659,65.7332645901198
total,16,0.000326034470560095,0.499999999998442,0.000325981329984928,99331.3003631288,32.3801494015051,99315.110288428,6431818.61034517,64.751176988846
total,17,0.000372064717216033,0.499999999999174,0.000371995514013169,99298.9202137273,36.9387528658582,99280.4508372943,6332503.50005674,63.7721285027763
total,18,0.000410763688080882,0.500000000000243,0.000410679342000313,99261.9814608614,40.7648452319938,99241.5990382454,6233223.04921945,62.7956742096387
total,19,0.000443212038671244,0.500000000000522,0.000443113841976611,99221.2166156294,43.9662945001451,99199.2334683793,6133981.4501812,61.8212682670832
total,20,0.000470862060923382,0.499999999999195,0.000470751231475865,99177.2503211292,46.6878127230617,99153.9064147677,6034782.21671282,60.8484526156211
total,21,0.00049329926538385,0.499999999999135,0.00049317762330421,99130.5625084062,48.8889752147052,99106.1180207988,5935628.31029806,59.8768751039289
total,22,0.000510735451298831,0.499999999999957,0.000510605059246147,99081.6735331915,50.5916037846226,99056.3777312992,5836522.19227726,58.9061728990889
total,23,0.000523343595100109,0.499999999999847,0.000523206686665918,99031.0819294069,51.8137242532261,99005.1750672802,5737465.81454596,57.9360106217545
total,24,0.000531699840993824,0.499999999999388,0.000531558526201893,98979.2682051536,52.6132739316734,98952.9615681878,5638460.63947868,56.9660772576322
total,25,0.000537115669612145,0.499999999999947,0.000536971461719033,98926.654931222,53.1207905013927,98900.0945359713,5539507.67791049,55.9961082456674
total,26,0.000541945146941158,0.500000000001691,0.00054179833445217,98873.5341407206,53.5695161188421,98846.7493826612,5440607.58337452,55.0259240822851
total,27,0.00054729701176826,0.499999999998349,0.000547147285731021,98819.9646246017,54.0690754203863,98792.9300868915,5341760.83399186,54.0554821516501
total,28,0.000553853619956896,0.500000000000562,0.000553700285503148,98765.8955491814,54.6867045635558,98738.5521968996,5242967.90390497,53.0848009300354
total,29,0.00056318880012809,0.499999999999621,0.000563030253961507,98711.2088446178,55.5773969846326,98683.4201461255,5144229.35170807,52.113933279914
total,30,0.000578397860117618,0.500000000000202,0.000578230636436233,98655.6314476332,57.0457085599834,98627.1085933532,5045545.93156194,51.143009856869
total,31,0.000603277179282769,0.499999999999075,0.000603095262478375,98598.5857390732,59.4643399463029,98568.8535691,4946918.82296859,50.1723101390104
total,32,0.000641478500102082,0.499999999999309,0.000641272818739122,98539.1213991269,63.1904601356946,98507.526169059,4848349.96939949,49.2022853518405
total,33,0.000695061249120208,0.499999999999183,0.000694819777968814,98475.9309389912,68.4230244703021,98441.719426756,4749842.44323043,48.2335368443798
total,34,0.000763914077370663,0.499999999999655,0.000763622406417633,98407.5079145209,75.1461780032487,98369.9348255192,4651400.72380367,47.2667261104101
total,35,0.000846842084022405,0.50000000000064,0.000846483665026914,98332.3617365176,83.2367379534797,98290.7433675409,4553030.78897815,46.3024655217581
total,36,0.00094291651785937,0.500000000000438,0.000942472181565559,98249.1249985641,92.5970671743041,98202.826464977,4454740.04561061,45.3412694074957
total,37,0.00105189861424744,0.499999999999744,0.00105134565972616,98156.5279313898,103.196439614456,98104.9297115826,4356537.21914564,44.3835709245013
total,38,0.00117449801540706,0.499999999999628,0.00117380869741427,98053.3314917754,115.09585331549,97995.7835651176,4258432.28943405,43.4297562831024
total,39,0.00131135737870195,0.500000000000058,0.0013104981130168,97938.2356384599,128.347872996397,97874.0617019617,4160436.50586894,42.4802068236887
total,40,0.00146207232592222,0.50000000000026,0.00146100427896006,97809.8877654635,142.900664549945,97738.4374331885,4062562.44416698,41.5352939971521
total,41,0.00162624503674852,0.499999999999968,0.00162492377463671,97666.9871009135,158.701409337412,97587.6363962448,3964824.00673379,40.5953344566385
total,42,0.00180094825618829,0.499999999999503,0.00179932800786924,97508.2856915761,175.449389444169,97420.560996854,3867236.37033754,39.6605923579645
total,43,0.00198408791057096,0.499999999999936,0.00198212155885985,97332.836302132,192.925513219433,97236.3735455222,3769815.80934069,38.7311821227398
total,44,0.00217787272950612,0.50000000000007,0.00217550374436722,97139.9107889125,211.328239648777,97034.2466690881,3672579.43579517,37.8071114742505
total,45,0.00238864865800907,0.500000000000012,0.0023857992399327,96928.5825492637,231.252138573787,96812.9564799768,3575545.18912608,36.8884501876298
total,46,0.00262108379515193,0.49999999999988,0.00261765325089331,96697.3304106899,253.120081302247,96570.7703700388,3478732.2326461,35.9754733442106
total,47,0.00288533745474556,0.499999999999909,0.00288118086521342,96444.2103293877,277.87321336165,96305.2737227069,3382161.46227606,35.0685795521048
total,48,0.00318745044239709,0.500000000000054,0.00318237860535035,96166.3371160261,306.03769379295,96013.3182691296,3285856.18855336,34.1684656720254
total,49,0.00352186189169547,0.500000000000172,0.00351567103776964,95860.2994222331,337.013278350671,95691.7927830578,3189842.87028423,33.275953543959
total,50,0.00387347731124429,0.499999999999957,0.00386598989916434,95523.2861438824,369.292059367234,95338.6401141988,3094151.07750117,32.3915895527357
total,51,0.00422891823690673,0.499999999999968,0.00421999522951386,95153.9940845152,401.549401105844,94953.2193839623,2998812.43738697,31.5153606134856
total,52,0.00457142053367792,0.499999999999953,0.00456099541962029,94752.4446834094,432.165466198855,94536.3619503099,2903859.21800301,30.6467999607345
total,53,0.00489424079760277,0.499999999999956,0.00488229323822658,94320.2792172105,460.49926144983,94090.0295864856,2809322.8560527,29.7849293849427
total,54,0.00520687751304196,0.500000000000066,0.00519335692634348,93859.7799557607,487.447338338324,93616.0562865915,2715232.82646621,28.9286084811406
total,55,0.00552837491357584,0.499999999999971,0.00551313557337634,93372.3326174223,514.774328522239,93114.9454531612,2621616.77017962,28.077019141433
total,56,0.00587110285160758,0.500000000000098,0.00585391837318065,92857.5582889001,543.580566556086,92585.7680056221,2528501.82472646,27.2298978275924
total,57,0.00625804372838169,0.500000000000123,0.00623852325272366,92313.977722344,575.902896572257,92026.0262740579,2435916.05672084,26.3872938510723
total,58,0.00670422822927583,0.500000000000009,0.00668182997271269,91738.0748257717,612.978218009801,91431.5857167669,2343890.03044678,25.5498061726091
total,59,0.00720549596015576,0.499999999999982,0.00717962956424547,91125.096607762,654.244437649812,90797.974388937,2252458.44473001,24.7183106364811
total,60,0.0077438311762688,0.500000000000004,0.00771396336128394,90470.8521701121,697.888838904381,90121.9077506599,2161660.47034107,23.8934465464801
total,61,0.00826772875430665,0.500000000000014,0.00823369178912712,89772.9633312077,739.162911065775,89403.3818756749,2071538.56259041,23.0753055900326
total,62,0.00881910006858102,0.499999999999963,0.00878038253248382,89033.800420142,781.750826009665,88642.9250071371,1982135.18071474,22.2627268673384
total,63,0.00940983220607793,0.499999999999915,0.00936576705783023,88252.0495941323,826.548138874724,87838.7755246949,1893492.2557076,21.4555045963884
total,64,0.0100711834537388,0.499999999999966,0.0100207231829813,87425.5014552576,876.066749216467,86987.4680806493,1805653.48018291,20.6536245160344
total,65,0.0108390557789381,0.500000000000023,0.0107806298547742,86549.4347060411,933.057419705773,86082.9059961882,1718666.01210226,19.8576226169424
total,66,0.0117390394200407,0.499999999999977,0.0116705389615791,85616.3772863353,999.189266869437,85116.7826529006,1632583.10610607,19.0685842808562
total,67,0.0127921143225227,0.500000000000023,0.0127108152217979,84617.1880194659,1075.55344150356,84079.4112987141,1547466.32345317,18.2878485999461
total,68,0.0140083087729912,0.499999999999974,0.0139108748578356,83541.6345779623,1162.13722403307,82960.5659659458,1463386.91215445,17.5168575471048
total,69,0.0153902819375966,0.500000000000027,0.0152727559277506,82379.4973539293,1258.16195653733,81750.4163756606,1380426.34618851,16.7569163508943
total,70,0.01694013490099,0.49999999999994,0.016797855928254,81121.3353973919,1362.66450471296,80440.0031450354,1298675.92981285,16.0090551203451
total,71,0.0186612822513276,0.500000000000016,0.0184887701719978,79758.670892679,1474.63973535875,79021.3510249996,1218235.92666781,15.2740249183319
total,72,0.0205593979873462,0.499999999999961,0.020350204015606,78284.0311573202,1593.09600521552,77487.4831547124,1139214.57564281,14.5523238750115
total,73,0.0226375007830261,0.500000000000001,0.0223841402863958,76690.9351521047,1716.66065113959,75832.6048265349,1061727.0924881,13.8442319210521
total,74,0.0248936501357495,0.500000000000036,0.0245876124250581,74974.2745009651,1843.43840327965,74052.5552993253,985894.487661566,13.1497702941944
total,75,0.0273247850487924,0.500000000000029,0.026956494835271,73130.8360976854,1971.35100556631,72145.1605949023,911841.932362241,12.4686381425236
total,76,0.0299318102462747,0.499999999999985,0.0294904588372782,71159.4850921191,2098.52586599105,70110.2221591236,839696.771767338,11.8002086535662
total,77,0.0327682119542817,0.499999999999997,0.032239988564932,69060.9592261281,2226.52453573361,67947.6969582613,769586.549608215,11.1435832666085
total,78,0.0358732915314892,0.500000000000012,0.0352411829171387,66834.4346903945,2355.32453808775,65656.7724213506,701638.852649953,10.4981639464782
total,79,0.0392724665190501,0.499999999999999,0.0385161543283978,64479.1101523067,2483.48735758401,63237.3664735147,635982.080228603,9.86338177940644
total,80,0.0429935487339377,0.500000000000016,0.0420887758168216,61995.6227947227,2609.31986943132,60690.9628600071,572744.713755088,9.23847020057426
total,81,0.0470669665930451,0.500000000000028,0.0459847844366119,59386.3029252914,2730.86633850686,58020.869756038,512053.750895081,8.62242176515433
total,82,0.051526007075213,0.500000000000011,0.0502318828984009,56655.4365867845,2845.90925618514,55232.481958692,454032.881139043,8.01393314556067
total,83,0.0564070787364923,0.499999999999997,0.0548598371594307,53809.5273305994,2951.98190698262,52333.5363771081,398800.399180351,7.41133436705676
total,84,0.0617499971897757,0.49999999999998,0.0599005672597964,50857.5454236168,3046.39582031551,49334.347513459,346466.862803243,6.81249674787399
total,85,0.160908507628903,6.21471179327734,1,47811.1496033013,47811.1496033013,297132.515289784,297132.515289784,6.21471179327735
male,0,0.00478726830183116,0.156649285842165,0.00476801816210315,100000,476.801816210315,99597.8888477873,7693698.96518061,76.9369896518061
male,1,0.000294478693864421,0.50000000000092,0.00029443534139704,99523.1981837897,29.3031468341694,99508.5466103726,7594101.07633283,76.3048335957692
male,2,0.000244273242896835,0.499999999999241,0.000244243411831702,99493.8950369555,24.3007283802513,99481.7446727654,7494592.52972246,75.3271597914495
male,3,0.000206842544541902,0.499999999998173,0.000206821154834936,99469.5943085753,20.5724163658621,99459.3081003923,7395110.78504969,74.3454402971478
male,4,0.000179189934705571,0.500000000002885,0.000179173881627497,99449.0218922094,17.818667276485,99440.1125585712,7295651.4769493,73.3607162557807
male,5,0.00015831943495989,0.500000000004385,0.000158306903430139,99431.2032249329,15.740645886872,99423.3329019895,7196211.36439073,72.3737733326176
male,6,0.000139084358415619,0.500000000003459,0.000139074686858822,99415.462579046,13.8261743271058,99408.5494918825,7096788.03148874,71.385153248631
male,7,0.000119378371467805,0.499999999998695,0.000119371246295313,99401.6364047189,11.8656972214249,99395.7035561082,6997379.48199686,70.3950129503569
male,8,0.000104072838813729,0.500000000003445,0.000104067423517632,99389.7707074975,10.3432373615375,99384.5990888168,6897983.77844075,69.4033574012501
male,9,9.998108962235e-05,0.499999999993673,9.99760917630547e-05,99379.427470136,9.93556676011415,99374.4596867559,6798599.17935193,68.4105287424296
male,10,0.000106910404215602,0.500000000008668,0.000106904689603813,99369.4919033759,10.623064688019,99364.1803710319,6699224.71966518,67.4173188505313
male,11,0.000124810369258024,0.500000000002037,0.000124802580929919,99358.8688386878,12.4002432693455,99352.6687170532,6599860.53929414,66.424473390586
male,12,0.000155411733840403,0.499999999996163,0.00015539965837523,99346.4685954185,15.4384072805135,99338.7493917782,6500507.87057709,65.4327019619585
male,13,0.000200093405706962,0.499999999999661,0.000200073389024061,99331.030188138,19.8734958449921,99321.0934402155,6401169.12118531,64.4427940499678
male,14,0.000257292765149677,0.499999999999533,0.000257259669623797,99311.156692293,25.5487553606165,99298.3823146127,6301848.0277451,63.4555898615785
male,15,0.000322011247610044,0.499999999998925,0.000321959410334342,99285.6079369324,31.9659357860615,99269.6249690393,6202549.64543048,62.4717899634601
male,16,0.000387526343341942,0.500000000001132,0.000387451269555086,99253.6420011463,38.4559496013101,99234.4140263457,6103280.02046144,61.4917487903462
male,17,0.000448867986974522,0.49999999999962,0.000448767268344341,99215.186051545,44.5245280226274,99192.9237875337,6004045.6064351,60.5153892803853
male,18,0.000504269689471915,0.500000000000812,0.000504142577561397,99170.6615235224,49.9961529189374,99145.6634470629,5904852.68264757,59.5423343147407
male,19,0.000554169492977956,0.500000000000533,0.000554015983599589,99120.6653706034,54.9144329203406,99093.2081541433,5805707.0192005,58.5721150831007
male,20,0.000598522876034394,0.500000000001066,0.000598343814803947,99065.7509376831,59.275379332471,99036.1132480169,5706613.81104636,57.6043057972284
male,21,0.00063533551433409,0.500000000000077,0.000635133752819331,99006.4755583506,62.8823543747906,98975.0343811632,5607577.69779834,56.6384942618572
male,22,0.000663194355592287,0.499999999999657,0.000662974515114124,98943.5932039758,65.597080728055,98910.7946636118,5508602.66341718,55.6741723747691
male,23,0.000681661896154436,0.5000000000004,0.000681429643842876,98877.9961232478,67.3783976821621,98844.3069244067,5409691.86875357,54.7107757120258
male,24,0.000692174244727248,0.500000000000394,0.000691934775012101,98810.6177255656,68.370502544746,98776.4324742933,5310847.56182916,53.7477417313531
male,25,0.000697725266732197,0.499999999999159,0.000697481941345413,98742.2472230209,68.8709342859214,98707.8117558779,5212071.12935487,52.7846112068201
male,26,0.000702167581780246,0.499999999999759,0.000701921148642475,98673.376288735,69.26092962502,98638.7458239225,5113363.31759899,51.8211042321733
male,27,0.000707980205129578,0.500000000000534,0.000707729675829044,98604.11535911,69.7850585985125,98569.2228298107,5014724.57177507,50.8571529039306
male,28,0.000716572000105296,0.49999999999953,0.000716315354342213,98534.3303005114,70.5816537240835,98499.0394736494,4916155.34894526,49.8928173962506
male,29,0.000729896750116944,0.500000000000214,0.000729630472661553,98463.7486467874,71.8421514651838,98427.8275710548,4817656.30947161,48.9282235917472
male,30,0.000751719448351858,0.500000000001271,0.000751437013443251,98391.9064953222,73.9353203638324,98354.9388351403,4719228.48190055,47.9635840995206
male,31,0.000787229910214379,0.499999999999491,0.000786920166668303,98317.9711749583,77.3683942634876,98279.2869778266,4620873.54306541,46.9992768142306
male,32,0.000840967832298561,0.499999999999579,0.000840614367477354,98240.6027806949,82.5824621670877,98199.3115496113,4522594.25608759,46.0358968499358
male,33,0.000915616218404302,0.500000000000427,0.0009151972336892,98158.0203185278,89.8339486599249,98113.1033441978,4424394.94453798,45.0742071832805
male,34,0.0010116876062819,0.499999999999691,0.00101117610911322,98068.1863698678,99.1642071212731,98018.6042663072,4326281.84119378,44.1150387433193
male,35,0.00112883763841572,0.500000000000398,0.00112820086061814,97969.0221627466,110.528735117928,97913.7577951876,4228263.23692747,43.1591858690134
male,36,0.00126725446913842,0.500000000000249,0.0012664520106532,97858.4934276286,123.933085760913,97796.5268847482,4130349.47913228,42.2073683587505
male,37,0.00142738056066004,0.50000000000043,0.00142636257955079,97734.5603418677,139.404919600489,97664.8578820675,4032552.95224754,41.2602557185706
male,38,0.00161020952279463,0.500000000000283,0.00160891417832898,97595.1554222672,157.022229295106,97516.6443076197,3934888.09436547,40.31847766767
male,39,0.00181649490019187,0.500000000000007,0.00181484657042196,97438.1331929721,176.835261853584,97349.7155620453,3837371.45005785,39.3826454213577
male,40,0.00204603443834183,0.499999999999963,0.00204394344899849,97261.2979311185,198.7965927474,97161.8996347448,3740021.7344958,38.4533397564212
male,41,0.00229844809228117,0.499999999999949,0.00229580969257709,97062.5013383711,222.83703135841,96951.0828226919,3642859.83486106,37.5310731191815
male,42,0.00257151946468462,0.4999999999997,0.00256821735422665,96839.6643070127,248.705306450753,96715.3116537873,3545908.75203837,36.6162850461429
male,43,0.00286359260576784,0.499999999999982,0.00285949838654988,96590.959000562,276.201691417412,96452.8581548533,3449193.44038458,35.7092783431678
male,44,0.0031759763604974,0.500000000000121,0.00317094094375844,96314.7573091446,305.408407439724,96162.0531054247,3352740.58222973,34.8102479401814
male,45,0.00351274951663951,0.499999999999891,0.00350659062937032,96009.3489017048,336.665483190664,95841.0161601095,3256578.5291243,33.9193897925338
male,46,0.00387579599667742,0.500000000000013,0.0038682996265741,95672.6834185142,370.090605541181,95487.6381157436,3160737.51296419,33.0369902884164
male,47,0.00427333013813138,0.499999999999977,0.00426421893049575,95302.592812973,406.391120398407,95099.3972527738,3065249.87484845,32.1633418816198
male,48,0.00471089070403023,0.499999999999887,0.00469982053359906,94896.2016925746,445.99511727532,94673.2041339369,2970150.47759567,31.298939521497
male,49,0.00518334732810594,0.499999999999956,0.0051699485087114,94450.2065752993,488.302704631452,94206.0552229835,2875477.27346174,30.4443725188605
male,50,0.00567580797162303,0.499999999999847,0.00565974615544979,93961.9038706678,531.800524190755,93696.0036085724,2781271.21823875,29.5999879064497
male,51,0.00617526202566437,0.500000000000025,0.00615625378555323,93430.1033464771,575.179427411379,93142.5136327714,2687575.21463018,28.7656239088546
male,52,0.00666276586041297,0.500000000000092,0.00664064333456262,92854.9239190657,616.616431604463,92546.6157032635,2594432.70099741,27.9407121506962
male,53,0.00712966598642027,0.500000000000074,0.00710434020008003,92238.3074874612,655.292315870514,91910.661329526,2501886.08529415,27.124154306867
male,54,0.00758733500199106,0.49999999999998,0.00755865995935219,91583.0151715907,692.244869734247,91236.8927367236,2409975.42396462,26.3146547364625
male,55,0.0080608589215298,0.500000000000025,0.00802850061612082,90890.7703018565,729.71660536815,90525.9119991724,2318738.5312279,25.511265044043
male,56,0.00856695944742002,0.500000000000071,0.00853041956816506,90161.0536964883,769.111616738904,89776.4978881189,2228212.61922872,24.713693195397
male,57,0.00914005119560153,0.499999999999905,0.00909847095045709,89391.9420797494,813.329988217543,88985.2770856406,2138436.1213406,23.9220233008568
male,58,0.00980280915123501,0.499999999999983,0.00975499596935568,88578.6120915319,864.084003924014,88146.5700895699,2049450.84425496,23.1370846287045
male,59,0.0105456261230973,0.499999999999964,0.0104903126654552,87714.5280876079,920.152824941856,87254.4516751369,1961304.27416539,22.3600846624458
male,60,0.0113335903385737,0.499999999999937,0.0112697271034646,86794.375262666,978.148923325941,86305.300801003,1874049.82249026,21.5918349180902
male,61,0.0120860434167923,0.500000000000029,0.0120134459024113,85816.2263393401,1030.94859267675,85300.7520430017,1787744.52168925,20.8322434806215
male,62,0.0128435766369455,0.499999999999947,0.0127616241878114,84785.2777466633,1081.99785126213,84244.2788210322,1702443.76964625,20.0794738767398
male,63,0.0136190050787961,0.500000000000058,0.0135268936620542,83703.2798954012,1132.24536631025,83137.1572122461,1618199.49082522,19.3325696776445
male,64,0.014464550050026,0.499999999999976,0.0143606895933382,82571.0345290909,1185.77699627308,81978.1460309544,1535062.33361297,18.5908090211968
male,65,0.0154446695857674,0.500000000000003,0.0153263146528768,81385.2575328179,1247.33606505338,80761.5895002912,1453084.18758202,17.8543907291327
male,66,0.0166037569409895,0.499999999999989,0.0164670494972953,80137.9214677645,1319.63511942004,79478.1039080544,1372322.59808173,17.1245095074464
male,67,0.0179767371439188,0.499999999999944,0.0178165950211712,78818.2863483444,1404.27348813116,78116.1496042788,1292844.49417367,16.4028495679268
male,68,0.0195727987481533,0.500000000000027,0.0193831079130058,77414.0128602133,1500.52416524833,76663.7507775891,1214728.3445694,15.6913238274166
male,69,0.0213819104846477,0.499999999999981,0.021155735463687,75913.4886949649,1606.00568495627,75110.4858524868,1138064.59379181,14.9915991657921
male,70,0.0233923515854941,0.500000000000024,0.02312191361914,74307.4830100087,1718.13120341313,73448.4174083021,1062954.10793932,14.3048057191783
male,71,0.0256001569547126,0.500000000000023,0.0252766143079293,72589.3518065955,1834.8130484779,71671.9452823566,989505.690531018,13.6315542969363
male,72,0.0280055422290384,0.500000000000029,0.0276188024597377,70754.5387581176,1954.1556290903,69777.4609435725,917833.745248661,12.9720829413697
male,73,0.0306099783485015,0.499999999999986,0.0301485550399952,68800.3831290273,2074.23213753823,67763.2670602582,848056.284305089,12.326330839098
male,74,0.0334112824337648,0.500000000000027,0.0328622966956052,66726.1509914891,2192.77457123807,65629.7637058701,780293.01724483,11.6939611479217
male,75,0.0364049827054343,0.500000000000004,0.035754167775674,64533.376420251,2307.33716766038,63379.7078364209,714663.25353896,11.0743198819316
male,76,0.0395894569942037,0.500000000000006,0.0388210057258755,62226.0392525907,2415.67742612338,61018.200539529,651283.54570254,10.4664149209115
male,77,0.0430424261407698,0.500000000000033,0.0421356165589526,59810.3618264673,2520.14647217224,58550.2885903812,590265.345163011,9.86894790697966
male,78,0.0467963585750325,0.499999999999966,0.0457264430620854,57290.215354295,2619.67777041278,55980.3764690886,531715.056572629,9.28107973210414
male,79,0.0508774286902249,0.50000000000001,0.0496152797612263,54670.5375838823,2712.49401692095,53314.2905754218,475734.680103541,8.70184748729807
male,80,0.0553140707533832,0.499999999999973,0.0538254192295853,51958.0435669613,2796.66347734075,50559.7118282909,422420.389528119,8.13002877954251
male,81,0.0601371693148268,0.5,0.058381713810666,49161.3800896206,2870.1256229296,47726.3172781558,371860.677699828,7.56408133827673
male,82,0.0653802643094849,0.500000000000011,0.0633106314021484,46291.254466691,2930.72854868373,44825.8901923491,324134.360421672,7.00206473460131
male,83,0.0710797715871471,0.499999999999997,0.0686403030557108,43360.5259180072,2976.27963966702,41872.3860981737,279308.470229323,6.44153788073241
male,84,0.0772752195192663,0.500000000000005,0.0744005597266496,40384.2462783402,3004.61052724738,38881.9410147165,237436.084131149,5.87942343889916
male,85,0.188259157751109,5.31182659024783,1,37379.6357510928,37379.6357510928,198554.143116433,198554.143116433,5.31182659024782
female,0,0.00383337109742223,0.180864081398276,0.00382137179145681,100000,382.137179145681,99686.9777107286,8373765.7362372,83.737657362372
female,1,0.000314215792064383,0.500000000000127,0.000314166434036927,99617.8628208543,31.2965887288076,99602.2145264899,8274078.75852647,83.0581837858335
female,2,0.000184461416518385,0.50000000000363,0.00018444440508027,99586.5662321255,18.3681849626713,99577.3821396442,8174476.54399998,82.0841289471329
female,3,0.000112066488147499,0.50000000000283,0.000112060209050455,99568.1980471628,11.1576330879421,99562.6192306189,8074899.16186033,81.0991794592432
female,4,8.2466442928515e-05,0.499999999993008,8.24630427116122e-05,99557.0404140749,8.20977647590756,99552.9355258369,7975336.54262971,80.1082124323796
female,5,8.11053917367851e-05,0.500000000002961,8.11021028278749e-05,99548.830637599,8.07361949876525,99544.7938278496,7875783.60710388,79.1147777091943
female,6,8.9365078576894e-05,0.499999999999062,8.93610856966715e-05,99540.7570181002,8.89507011820601,99536.3094830411,7776238.81327603,78.1211540501145
female,7,9.19712839937551e-05,0.500000000006464,9.19670548296963e-05,99531.861947982,9.15365220507182,99527.2851218795,7676702.50379299,77.1280909806051
female,8,9.36331781420422e-05,0.500000000004497,9.36287947612327e-05,99522.7082957769,9.31819122910733,99518.0492001624,7577175.21867111,76.1351388886252
female,9,9.47145784622958e-05,0.500000000002932,9.47100932490167e-05,99513.3901045478,9.4249224563275,99508.6776433197,7477657.16947094,75.1422211786272
female,10,9.97464204513835e-05,0.500000000003856,9.97414460252777e-05,99503.9651820915,9.92466937251069,99499.0028474053,7378148.49182762,74.1492912199596
female,11,0.000109272056286468,0.500000000005275,0.000109266086421495,99494.040512719,10.8713244290865,99488.6048505045,7278649.48898022,73.1566378395271
female,12,0.000125726267035428,0.500000000000571,0.000125718363985127,99483.1691882899,12.5068612744074,99476.9157576527,7179160.88412972,72.1645776135444
female,13,0.000151241329898773,0.500000000003866,0.000151229893793645,99470.6623270155,15.042937699298,99463.1408581659,7079683.96837206,71.1735882998064
female,14,0.000184983436382119,0.500000000001045,0.000184966328528586,99455.6193893162,18.3959407699783,99446.4214189312,6980220.8275139,70.1842778756424
female,15,0.00022264434005591,0.499999999998064,0.000222619557563672,99437.2234485462,22.1366706894753,99426.1551132015,6880774.40609497,69.1971695051946
female,16,0.000258695229983782,0.500000000001393,0.000258661772700394,99415.0867778568,25.7148825791239,99402.2293365672,6781348.25098176,68.212466244029
female,17,0.000287960811524425,0.500000000001383,0.000287919356778609,99389.3718952776,28.6161240267183,99375.0638332643,6681946.0216452,67.229985402118
female,18,0.000308444180043048,0.500000000001993,0.000308396618471991,99360.7557712509,30.6425210886752,99345.4345107066,6582570.95781193,66.2492037899387
female,19,0.000321917383066189,0.49999999999963,0.000321865576004225,99330.1132501622,31.9709441158284,99314.1277781043,6483225.52330123,65.2694868772903
female,20,0.000331466842597834,0.500000000000384,0.000331411916567042,99298.1423060464,32.9085876531937,99281.6880122198,6383911.39552312,64.2903406576056
female,21,0.000338384880143442,0.499999999999996,0.000338327637664882,99265.2337183932,33.5841720261963,99248.4416323801,6284629.7075109,63.3114885453234
female,22,0.00034475210762485,0.500000000000929,0.000344692690859022,99231.649546367,34.2044243005167,99214.5473342168,6185381.26587852,62.3327466000486
female,23,0.000351503654124504,0.500000000001455,0.000351441887570658,99197.4451220665,34.8621373558858,99180.0140533886,6086166.7185443,61.3540672449278
female,24,0.000358237241150591,0.50000000000037,0.000358173085681557,99162.5829847106,35.5173683317872,99144.8243005447,5986986.70449092,60.3754614320002
female,25,0.000364235030031704,0.499999999999743,0.000364168708531459,99127.0656163788,36.0989754660299,99109.0161286458,5887841.88019037,59.3969148948309
female,26,0.000370033196991615,0.49999999999993,0.000369964747372492,99090.9666409128,36.6601644402014,99072.6365586927,5788732.86406173,58.4183711219512
female,27,0.000374980670071698,0.500000000000609,0.000374910377999318,99054.3064764726,37.1364874835547,99035.7382327308,5689660.22750303,57.4398068079397
female,28,0.000378878412159913,0.500000000000442,0.000378806651328627,99017.169988989,37.5083625875664,98998.4158076953,5590624.4892703,56.4611621387684
female,29,0.00038313557730488,0.500000000000433,0.000383062194927282,98979.6616264015,37.915366435769,98960.7039431836,5491626.07346261,55.4823686323635
female,30,0.000390603187887578,0.499999999998222,0.00039052691735814,98941.7462599657,38.6394151649357,98922.4265523832,5392665.36951942,54.5034383701941
female,31,0.000404032484524269,0.500000000000565,0.000403950879885456,98903.1068448008,39.9519970333625,98883.1308462841,5293742.94296704,53.5245364058584
female,32,0.000426524272001217,0.50000000000038,0.000426433329918416,98863.1548477674,42.1585443279735,98842.0755756034,5194859.81212076,52.5459643698399
female,33,0.000459645947052164,0.500000000000429,0.00045954033412612,98820.9963034394,45.4122336599586,98798.2901866095,5096017.73654515,51.568167972091
female,34,0.000502607522517635,0.500000000001562,0.000502481247090279,98775.5840697795,49.6328786654535,98750.7676304468,4997219.44635854,50.5916466444611
female,35,0.000553292201767813,0.499999999999529,0.000553139177970981,98725.951191114,54.609191486256,98698.6465953709,4898468.6787281,49.6168294114039
female,36,0.000609713283250242,0.500000000000588,0.000609527464754359,98671.3419996278,60.1428929329434,98641.2705531613,4799770.03213273,48.6440128902963
female,37,0.000670962027412925,0.499999999999639,0.00067073700788159,98611.1991066948,66.1421806324402,98578.1280163786,4701128.76157956,47.6733758859687
female,38,0.000737476527600773,0.499999999999184,0.00073720469202257,98545.0569260624,72.6478783415245,98508.7329868916,4602550.63356319,46.7050380519486
female,39,0.000809783235977077,0.500000000000249,0.000809455494232328,98472.4090477209,79.7090325339708,98432.5545314539,4504041.90057629,45.7391257524083
female,40,0.000887235920397117,0.500000000000308,0.000886842501135746,98392.7000151869,87.2588281749675,98349.0706010994,4405609.34604484,44.7757744768142
female,41,0.000969318790502555,0.500000000000388,0.000968849228621321,98305.4411870119,95.2431508633152,98257.8196115803,4307260.27544374,43.8150749687375
female,42,0.00105237602092685,0.499999999999789,0.00105182256450427,98210.1980361486,103.299702358854,98158.5481849692,4209002.45583216,42.8570814436494
female,43,0.00113387585968937,0.500000000000328,0.00113323338669908,98106.8983337898,111.178012657343,98051.3093274611,4110843.90764719,41.9016804879596
female,44,0.00121685444264605,0.500000000000371,0.00121611452546451,97995.7203211324,119.174018915887,97936.1333116745,4012792.59831973,40.9486514836545
female,45,0.00130974584222748,0.50000000000033,0.00130888868646995,97876.5463022165,128.109504125724,97812.4915501537,3914856.46500805,39.9979015700046
female,46,0.00141967448197583,0.500000000000426,0.00141866745898086,97748.4367980908,138.672526451699,97679.100534865,3817043.9734579,39.049667682588
female,47,0.00155875845180523,0.499999999999846,0.00155754453395206,97609.7642716391,152.03155480164,97533.7484942383,3719364.87292304,38.1044345376389
female,48,0.0017337074937293,0.499999999999706,0.00173220592453327,97457.7327168375,168.816862003686,97373.3242858356,3621831.1244288,37.163096487705
female,49,0.00193853200053999,0.499999999999928,0.00193665486682332,97288.9158548338,188.415052378228,97194.7083286447,3524457.80014296,36.2267147205326
female,50,0.00215762444310742,0.500000000000094,0.00215529927990315,97100.5008024556,209.280639457768,96995.8604827267,3427263.09181432,35.2960392942448
female,51,0.00237699048581054,0.499999999999994,0.00237416879748887,96891.2201629978,230.036111661614,96776.202107167,3330267.23133159,34.3711971603739
female,52,0.00258136228147408,0.499999999999786,0.00257803486049947,96661.1840513362,249.1959021415,96536.5861002654,3233491.02922442,33.4518044751773
female,53,0.00276560458557058,0.50000000000024,0.00276178558213542,96411.9881491947,266.269238815457,96278.853529787,3136954.44312416,32.5369749482794
female,54,0.0029381280063428,0.499999999999967,0.00293381803986857,96145.7189103792,282.074044595404,96004.6818880815,3040675.58959437,31.6256992412599
female,55,0.00311365548592009,0.500000000000108,0.00310881559555319,95863.6448657838,298.022394205321,95714.6336686812,2944670.90770629,30.7172850753698
female,56,0.00330171811343632,0.499999999999983,0.00329627642564559,95565.6224715785,315.010708455211,95408.1171173509,2848956.27403761,29.8115179952383
female,57,0.00351609704748655,0.500000000000028,0.00350992642651397,95250.6117631233,334.322639369009,95083.4504434388,2753548.15692026,28.9084563967736
female,58,0.00376555954823561,0.500000000000222,0.00375848315217533,94916.2891237543,356.741273538633,94737.918486985,2658464.70647682,28.0085192017004
female,59,0.00405093227770168,0.499999999999991,0.00404274383695188,94559.5478502156,382.280029296416,94368.4078355674,2563726.78798983,27.112299564406
female,60,0.00436933017505489,0.499999999999921,0.00435980546027741,94177.2678209192,410.594566479652,93971.9705376794,2469358.38015427,26.2203229854769
female,61,0.00469875653450359,0.499999999999999,0.00468774325238398,93766.6732544396,439.554089846993,93546.8962095161,2375386.40961659,25.3329496202865
female,62,0.00507802825439193,0.499999999999839,0.00506516772198918,93327.1191645926,472.717511578732,93090.7604088032,2281839.51340707,24.4499083849658
female,63,0.0055189239369562,0.499999999999896,0.00550373658516491,92854.4016530139,511.04616747129,92598.8785692782,2188748.75299827,23.5718362730651
female,64,0.00603363569660333,0.500000000000148,0.00601548806484307,92343.3554855426,555.490352790842,92065.6103091472,2096149.87442899,22.6995203218186
female,65,0.00663133398928408,0.499999999999928,0.00660941935567272,91787.8651327517,606.664492424287,91484.5328865396,2004084.26411984,21.8338694469183
female,66,0.00731967473622172,0.50000000000004,0.00729298360230897,91181.2006403275,664.983001108752,90848.7091397731,1912599.7312333,20.9758120950581
female,67,0.00810799314914531,0.499999999999969,0.00807525608862324,90516.2176392187,730.941637610247,90150.7468204136,1821751.02209353,20.126238917259
female,68,0.00900946181886242,0.500000000000097,0.00896905862325375,89785.2760016085,805.289403963445,89382.6312996268,1731600.27527312,19.286016063949
female,69,0.0100409595327921,0.499999999999999,0.00999080091892856,88979.986597645,888.981331866003,88535.495931712,1642217.64397349,18.456033842749
female,70,0.0112194916961793,0.500000000000049,0.0111569042986126,88091.005265779,982.822915318878,87599.5938081196,1553682.14804178,17.6372393907206
female,71,0.0125574029490822,0.500000000000033,0.0124790507149573,87108.1823504601,1087.02742523914,86564.6686378406,1466082.55423366,16.830595182611
female,72,0.0140686232183998,0.499999999999998,0.0139703514132689,86021.154925221,1201.74576328058,85420.2820435807,1379517.88559582,16.0369607545382
female,73,0.01576161662418,0.499999999999934,0.0156383735995292,84819.4091619404,1326.43760896576,84156.1903574575,1294097.60355224,15.2570928793137
female,74,0.0176389157546087,0.50000000000002,0.017484710090469,83492.9715529747,1459.85040219553,82763.0463518769,1209941.41319478,14.4915361220207
female,75,0.0197028462536395,0.499999999999944,0.0195106386963671,82033.1211507791,1600.51858790816,81232.861856825,1127178.3668429,13.7405276189738
female,76,0.0219607390029308,0.500000000000018,0.0217222209900674,80432.602562871,1747.17476767694,79559.0151790325,1045945.50498608,13.0039992696805
female,77,0.0244521399135349,0.499999999999997,0.0241567972207822,78685.427795194,1900.787923479,77735.0338334545,966386.489807045,12.2816449866982
female,78,0.0272261222480106,0.49999999999999,0.0268604690411343,76784.639871715,2062.47144210884,75753.4041506606,888651.455973591,11.5732971784236
female,79,0.0303147132225437,0.500000000000028,0.0298620829816357,74722.1684296062,2231.35959421266,73606.4886324999,812898.05182293,10.8789408673109
female,80,0.0337535608496987,0.5,0.0331933637383248,72490.8088353935,2406.21378535859,71287.7019427142,739291.56319043,10.1984179107334
female,81,0.0375823398179536,0.500000000000007,0.0368891495411287,70084.5950500349,2585.36110733018,68791.9144963698,668003.861247716,9.53139360755118
female,82,0.0418452015478277,0.500000000000002,0.0409876336522541,67499.2339427047,2766.63387265138,66115.9170063791,599211.946751346,8.87731477456432
female,83,0.04659127272539,0.500000000000011,0.0455306082326303,64732.6000700534,2947.31465366914,63258.9427432188,533096.029744967,8.23535636090707
female,84,0.0518752068323309,0.499999999999988,0.0505637054920269,61785.2854163842,3124.09297553488,60223.2389286168,469837.087001748,7.60435245763479
female,85,0.143210960070803,6.98270578945635,1,58661.1924408494,58661.1924408494,409613.848073132,409613.848073132,6.98270578945634
